"","X1","X2","X3","EventsUrl"
"2","Feb112017","UFC 208 - Holm vs. De Randamie","Barclays Center, Brooklyn, New York, United States","/events/UFC-TBA-57825"
"3","Feb042017","UFC Fight Night 104 - Bermudez vs. Korean Zombie","Toyota Center, Houston, Texas, United States","/events/UFC-208-Holm-vs-De-Randamie-56249"
"4","Jan282017","UFC on Fox 23 - Shevchenko vs. Pena","Pepsi Center, Denver, Colorado, United States","/events/UFC-Fight-Night-104-Bermudez-vs-Korean-Zombie-56247"
"5","Jan152017","UFC Fight Night 103 - Rodriguez vs. Penn","Talking Stick Arena, Phoenix, Arizona, United States","/events/UFC-on-Fox-23-Shevchenko-vs-Pena-56245"
"6","Dec302016","UFC 207 - Nunes vs. Rousey","T-Mobile Arena, Las Vegas, Nevada, United States","/events/UFC-Fight-Night-103-Rodriguez-vs-Penn-56239"
"7","Dec172016","UFC on Fox 22 - VanZant vs. Waterson","Golden 1 Center, Sacramento, California, United States","/events/UFC-207-Nunes-vs-Rousey-55005"
"8","Dec102016","UFC 206 - Holloway vs. Pettis","Air Canada Centre, Toronto, Ontario, Canada","/events/UFC-on-Fox-22-VanZant-vs-Waterson-55003"
"9","Dec092016","UFC Fight Night 102 - Lewis vs. Abdurakhimov","Times Union Center, Albany, New York, United States","/events/UFC-206-Holloway-vs-Pettis-55001"
"10","Dec032016","UFC - The Ultimate Fighter 24 Finale","Palms Casino Resort, Las Vegas, Nevada, United States","/events/UFC-Fight-Night-102-Lewis-vs-Abdurakhimov-54999"
"11","Nov262016","UFC Fight Night 101 - Whittaker vs. Brunson","Rod Laver Arena, Melbourne, Victoria, Australia","/events/UFC-The-Ultimate-Fighter-24-Finale-54997"
"12","Nov192016","UFC Fight Night 100 - Bader vs. Nogueira 2","Ibirapuera Gymnasium, Sao Paulo, Sao Paulo, Brazil","/events/UFC-Fight-Night-101-Whittaker-vs-Brunson-54995"
"13","Nov192016","UFC Fight Night 99 - Mousasi vs. Hall 2","SSE Arena, Belfast, Northern Ireland","/events/UFC-Fight-Night-100-Bader-vs-Nogueira-2-54993"
"14","Nov122016","UFC 205 - Alvarez vs. McGregor","Madison Square Garden, New York, New York, United States","/events/UFC-Fight-Night-99-Mousasi-vs-Hall-2-54983"
"15","Nov052016","UFC Fight Night 98 - Dos Anjos vs. Ferguson","Mexico City Arena, Mexico City, Federal District, Mexico","/events/UFC-205-Alvarez-vs-McGregor-52249"
"16","Oct082016","UFC 204 - Bisping vs. Henderson 2","Manchester Arena, Manchester, Greater Manchester, England","/events/UFC-Fight-Night-98-Dos-Anjos-vs-Ferguson-51653"
"17","Oct012016","UFC Fight Night 96 - Lineker vs. Dodson","Moda Center, Portland, Oregon, United States","/events/UFC-204-Bisping-vs-Henderson-2-54381"
"18","Sep242016","UFC Fight Night 95 - Cyborg vs. Lansberg","Nilson Nelson Gymnasium, Brasilia, Federal District, Brazil","/events/UFC-Fight-Night-96-Lineker-vs-Dodson-54089"
"19","Sep172016","UFC Fight Night 94 - Poirier vs. Johnson","State Farm Arena, Hidalgo, Texas, United States","/events/UFC-Fight-Night-95-Cyborg-vs-Lansberg-53641"
"20","Sep102016","UFC 203 - Miocic vs. Overeem","Quicken Loans Arena, Cleveland, Ohio, United States","/events/UFC-Fight-Night-94-Poirier-vs-Johnson-53639"
"21","Sep032016","UFC Fight Night 93 - Arlovski vs. Barnett","Barclaycard Arena, Hamburg, Germany","/events/UFC-203-Miocic-vs-Overeem-52565"
"22","Aug272016","UFC on Fox 21 - Maia vs. Condit","Rogers Arena, Vancouver, British Columbia, Canada","/events/UFC-Fight-Night-93-Arlovski-vs-Barnett-52185"
"23","Aug202016","UFC 202 - Diaz vs. McGregor 2","T-Mobile Arena, Las Vegas, Nevada, United States","/events/UFC-on-Fox-21-Maia-vs-Condit-52945"
"24","Aug062016","UFC Fight Night 92 - Rodriguez vs. Caceres","Vivint Smart Home Arena, Salt Lake City, Utah, United States","/events/UFC-202-Diaz-vs-McGregor-2-52567"
"25","Jul302016","UFC 201 - Lawler vs. Woodley","Philips Arena, Atlanta, Georgia, United States","/events/UFC-Fight-Night-92-Rodriguez-vs-Caceres-52851"
"26","Jul232016","UFC on Fox 20 - Holm vs. Shevchenko","United Center, Chicago, Illinois, United States","/events/UFC-201-Lawler-vs-Woodley-52199"
"27","Jul132016","UFC Fight Night 91 - McDonald vs. Lineker","Denny Sanford Premier Center, Sioux Falls, South Dakota, United States","/events/UFC-on-Fox-20-Holm-vs-Shevchenko-51563"
"28","Jul092016","UFC 200 - Tate vs. Nunes","T-Mobile Arena, Las Vegas, Nevada, United States","/events/UFC-Fight-Night-91-McDonald-vs-Lineker-51841"
"29","Jul082016","UFC  - The Ultimate Fighter 23 Finale","MGM Grand Garden Arena, Las Vegas, Nevada, United States","/events/UFC-200-Tate-vs-Nunes-47285"
"30","Jul072016","UFC Fight Night 90 - Dos Anjos vs. Alvarez","MGM Grand Garden Arena, Las Vegas, Nevada, United States","/events/UFC-The-Ultimate-Fighter-23-Finale-50075"
"31","Jun182016","UFC Fight Night 89 - MacDonald vs. Thompson","TD Place Arena, Ottawa, Ontario, Canada","/events/UFC-Fight-Night-90-Dos-Anjos-vs-Alvarez-50943"
"32","Jun042016","UFC 199 - Rockhold vs. Bisping 2","The Forum, Inglewood, California, United States","/events/UFC-Fight-Night-89-MacDonald-vs-Thompson-50939"
"33","May292016","UFC Fight Night 88 - Almeida vs. Garbrandt","Mandalay Bay Events Center, Las Vegas, Nevada, United States","/events/UFC-199-Rockhold-vs-Bisping-2-50937"
"34","May142016","UFC 198 - Werdum vs. Miocic","Arena da Baixada, Curitiba, Parana, Brazil","/events/UFC-Fight-Night-88-Almeida-vs-Garbrandt-50941"
"35","May082016","UFC Fight Night 87 - Overeem vs. Arlovski","Ahoy Rotterdam, Rotterdam, South Holland, Netherlands","/events/UFC-198-Werdum-vs-Miocic-50217"
"36","Apr232016","UFC 197 - Jones vs. St. Preux","MGM Grand Garden Arena, Las Vegas, Nevada, United States","/events/UFC-Fight-Night-87-Overeem-vs-Arlovski-50621"
"37","Apr162016","UFC on Fox 19 - Teixeira vs. Evans","Amalie Arena, Tampa, Florida, United States","/events/UFC-197-Jones-vs-St-Preux-50485"
"38","Apr102016","UFC Fight Night 86 - Rothwell vs. Dos Santos","Zagreb Arena, Zagreb, Croatia","/events/UFC-on-Fox-19-Teixeira-vs-Evans-50261"
"39","Mar192016","UFC Fight Night 85 - Hunt vs. Mir","Brisbane Entertainment Centre, Brisbane, Queensland, Australia","/events/UFC-Fight-Night-86-Rothwell-vs-Dos-Santos-50295"
"40","Mar052016","UFC 196 - McGregor vs. Diaz","MGM Grand Garden Arena, Las Vegas, Nevada, United States","/events/UFC-Fight-Night-85-Hunt-vs-Mir-47939"
"41","Feb272016","UFC Fight Night 84 - Silva vs. Bisping","O2 Arena, London, Greater London, England","/events/UFC-196-McGregor-vs-Diaz-47931"
"42","Feb212016","UFC Fight Night 83 - Cerrone vs. Oliveira","Consol Energy Center, Pittsburgh, Pennsylvania, United States","/events/UFC-Fight-Night-84-Silva-vs-Bisping-47937"
"43","Feb062016","UFC Fight Night 82 - Hendricks vs. Thompson","MGM Grand Garden Arena, Las Vegas, Nevada, United States","/events/UFC-Fight-Night-83-Cerrone-vs-Oliveira-47935"
"44","Jan302016","UFC on Fox 18 - Johnson vs. Bader","Prudential Center, Newark, New Jersey, United States","/events/UFC-Fight-Night-82-Hendricks-vs-Thompson-47929"
"45","Jan172016","UFC Fight Night 81 - Dillashaw vs. Cruz","TD Garden, Boston, Massachusetts, United States","/events/UFC-on-Fox-18-Johnson-vs-Bader-47933"
"46","Jan022016","UFC 195 - Lawler vs. Condit","MGM Grand Garden Arena, Las Vegas, Nevada, United States","/events/UFC-Fight-Night-81-Dillashaw-vs-Cruz-47783"
"47","Dec192015","UFC on Fox 17 - Dos Anjos vs. Cerrone 2","Amway Center, Orlando, Florida, United States","/events/UFC-195-Lawler-vs-Condit-47465"
"48","Dec122015","UFC 194 - Aldo vs. McGregor","MGM Grand Garden Arena, Las Vegas, Nevada, United States","/events/UFC-on-Fox-17-Dos-Anjos-vs-Cerrone-2-42249"
"49","Dec112015","UFC - The Ultimate Fighter 22 Finale","The Chelsea at the Cosmopolitan, Las Vegas, Nevada, United States","/events/UFC-194-Aldo-vs-McGregor-42245"
"50","Dec102015","UFC Fight Night 80 - Namajunas vs. VanZant","The Chelsea at the Cosmopolitan, Las Vegas, Nevada, United States","/events/UFC-The-Ultimate-Fighter-22-Finale-47439"
"51","Nov282015","UFC Fight Night 79 - Henderson vs. Masvidal","Olympic Gymnastics Arena, Seoul, South Korea","/events/UFC-Fight-Night-80-Namajunas-vs-VanZant-47669"
"52","Nov212015","UFC Fight Night 78 - Magny vs. Gastelum","Monterrey Arena, Monterrey, Nuevo Leon, Mexico","/events/UFC-Fight-Night-79-Henderson-vs-Masvidal-42243"
"53","Nov142015","UFC 193 - Rousey vs. Holm","Etihad Stadium, Melbourne, Victoria, Australia","/events/UFC-Fight-Night-78-Magny-vs-Gastelum-42241"
"54","Nov072015","UFC Fight Night 77 - Belfort vs. Henderson 3","Geraldo Jose de Almeida (Ibirapuera) State Gymnasium, Sao Paulo, Sao Paulo, Brazil","/events/UFC-193-Rousey-vs-Holm-42239"
"55","Oct242015","UFC Fight Night 76 - Holohan vs. Smolka","3Arena, Dublin, Leinster, Ireland","/events/UFC-Fight-Night-77-Belfort-vs-Henderson-3-42237"
"56","Oct032015","UFC 192 - Cormier vs. Gustafsson","Toyota Center, Houston, Texas, United States","/events/UFC-Fight-Night-76-Holohan-vs-Smolka-47107"
"57","Sep262015","UFC Fight Night 75 - Barnett vs. Nelson","Saitama Super Arena, Saitama, Japan","/events/UFC-192-Cormier-vs-Gustafsson-42235"
"58","Sep052015","UFC 191 - Johnson vs. Dodson 2","MGM Grand Garden Arena, Las Vegas, Nevada, United States","/events/UFC-Fight-Night-75-Barnett-vs-Nelson-45847"
"59","Aug232015","UFC Fight Night 74 - Holloway vs. Oliveira","SaskTel Centre, Saskatoon, Saskatchewan, Canada","/events/UFC-191-Johnson-vs-Dodson-2-42229"
"60","Aug082015","UFC Fight Night 73 - Teixeira vs. St. Preux","Bridgestone Arena, Nashville, Tennessee, United States","/events/UFC-Fight-Night-74-Holloway-vs-Oliveira-42225"
"61","Aug012015","UFC 190 - Rousey vs. Correia","HSBC Arena, Rio de Janeiro, Rio de Janeiro, Brazil","/events/UFC-Fight-Night-73-Teixeira-vs-St-Preux-42223"
"62","Jul252015","UFC on Fox 16 - Dillashaw vs. Barao 2","United Center, Chicago, Illinois, United States","/events/UFC-190-Rousey-vs-Correia-42221"
"63","Jul182015","UFC Fight Night 72 - Bisping vs. Leites","SSE Hydro Arena, Glasgow, Scotland","/events/UFC-on-Fox-16-Dillashaw-vs-Barao-2-42219"
"64","Jul152015","UFC Fight Night 71 - Mir vs. Duffee","Valley View Casino Center, San Diego, California, United States","/events/UFC-Fight-Night-72-Bisping-vs-Leites-42217"
"65","Jul122015","UFC - The Ultimate Fighter 21 Finale","MGM Grand Garden Arena, Las Vegas, Nevada, United States","/events/UFC-Fight-Night-71-Mir-vs-Duffee-42215"
"66","Jul112015","UFC 189 - Mendes vs. McGregor","MGM Grand Garden Arena, Las Vegas, Nevada, United States","/events/UFC-The-Ultimate-Fighter-21-Finale-42213"
"67","Jun272015","UFC Fight Night 70 - Machida vs. Romero","Seminole Hard Rock Hotel and Casino, Hollywood, Florida, United States","/events/UFC-189-Mendes-vs-McGregor-42211"
"68","Jun202015","UFC Fight Night 69 - Jedrzejczyk vs. Penne","O2 World, Berlin, Germany","/events/UFC-Fight-Night-70-Machida-vs-Romero-42209"
"69","Jun132015","UFC 188 - Velasquez vs. Werdum","Mexico City Arena, Mexico City, Federal District, Mexico","/events/UFC-Fight-Night-69-Jedrzejczyk-vs-Penne-42207"
"70","Jun062015","UFC Fight Night 68 - Boetsch vs. Henderson","Smoothie King Center, New Orleans, Louisiana, United States","/events/UFC-188-Velasquez-vs-Werdum-42205"
"71","May302015","UFC Fight Night 67 - Condit vs. Alves","Goiania Arena, Goiania, Goias, Brazil","/events/UFC-Fight-Night-68-Boetsch-vs-Henderson-42203"
"72","May232015","UFC 187 - Johnson vs. Cormier","MGM Grand Garden Arena, Las Vegas, Nevada, United States","/events/UFC-Fight-Night-67-Condit-vs-Alves-42201"
"73","May162015","UFC Fight Night 66 - Edgar vs. Faber","Mall of Asia Arena, Pasay, Metro Manila, Philippines","/events/UFC-187-Johnson-vs-Cormier-42199"
"74","May102015","UFC Fight Night 65 - Miocic vs. Hunt","Adelaide Entertainment Centre, Adelaide, South Australia, Australia","/events/UFC-Fight-Night-66-Edgar-vs-Faber-42197"
"75","Apr252015","UFC 186 - Johnson vs. Horiguchi","Bell Centre, Montreal, Quebec, Canada","/events/UFC-Fight-Night-65-Miocic-vs-Hunt-42195"
"76","Apr182015","UFC on Fox 15 - Machida vs. Rockhold","Prudential Center, Newark, New Jersey, United States","/events/UFC-186-Johnson-vs-Horiguchi-42193"
"77","Apr112015","UFC Fight Night 64 - Gonzaga vs. Cro Cop 2","Krakow Arena, Krakow, Lesser Poland, Poland","/events/UFC-on-Fox-15-Machida-vs-Rockhold-42191"
"78","Apr042015","UFC Fight Night 63 - Mendes vs. Lamas","Patriot Center, Fairfax, Virginia, United States","/events/UFC-Fight-Night-64-Gonzaga-vs-Cro-Cop-2-42189"
"79","Mar212015","UFC Fight Night 62 - Maia vs. LaFlare","Maracanazinho Gymnasium, Rio de Janeiro, Brazil","/events/UFC-Fight-Night-63-Mendes-vs-Lamas-42187"
"80","Mar142015","UFC 185 - Pettis vs. Dos Anjos","American Airlines Center, Dallas, Texas, United States","/events/UFC-Fight-Night-62-Maia-vs-LaFlare-42185"
"81","Feb282015","UFC 184 - Rousey vs. Zingano","Staples Center, Los Angeles, California, United States","/events/UFC-185-Pettis-vs-Dos-Anjos-42183"
"82","Feb222015","UFC Fight Night 61 - Bigfoot vs. Mir","Gigantinho Gymnasium, Porto Alegre, Rio Grande do Sul, Brazil","/events/UFC-184-Rousey-vs-Zingano-41893"
"83","Feb142015","UFC Fight Night 60 - Henderson vs. Thatch","1stBank Center, Broomfield, Colorado, United States","/events/UFC-Fight-Night-61-Bigfoot-vs-Mir-38843"
"84","Jan312015","UFC 183 - Silva vs. Diaz","MGM Grand Garden Arena, Las Vegas, Nevada, United States","/events/UFC-Fight-Night-60-Henderson-vs-Thatch-42065"
"85","Jan242015","UFC on Fox 14 - Gustafsson vs. Johnson","Tele2 Arena, Stockholm, Sweden","/events/UFC-183-Silva-vs-Diaz-39291"
"86","Jan182015","UFC Fight Night 59 - McGregor vs. Siver","TD Garden, Boston, Massachusetts, United States","/events/UFC-on-Fox-14-Gustafsson-vs-Johnson-42123"
"87","Jan032015","UFC 182 - Jones vs. Cormier","MGM Grand Garden Arena, Las Vegas, Nevada, United States","/events/UFC-Fight-Night-59-McGregor-vs-Siver-41773"
"88","Dec202014","UFC Fight Night 58 - Machida vs. Dollaway","Jose Correa Arena, Barueri, Sao Paulo, Brazil","/events/UFC-182-Jones-vs-Cormier-38841"
"89","Dec132014","UFC on Fox 13 - Dos Santos vs. Miocic","US Airways Center, Phoenix, Arizona, United States","/events/UFC-Fight-Night-58-Machida-vs-Dollaway-40613"
"90","Dec122014","UFC - The Ultimate Fighter 20 Finale","Palms Casino Resort, Las Vegas, Nevada, United States","/events/UFC-on-Fox-13-Dos-Santos-vs-Miocic-38839"
"91","Dec062014","UFC 181 - Hendricks vs. Lawler 2","Mandalay Bay Events Center, Las Vegas, Nevada, United States","/events/UFC-The-Ultimate-Fighter-20-Finale-40679"
"92","Nov222014","UFC Fight Night 57 - Edgar vs. Swanson","Frank Erwin Center, Austin, Texas, United States","/events/UFC-181-Hendricks-vs-Lawler-2-35511"
"93","Nov152014","UFC 180 - Werdum vs. Hunt","Mexico City Arena, Mexico City, Federal District, Mexico","/events/UFC-Fight-Night-57-Edgar-vs-Swanson-39915"
"94","Nov082014","UFC Fight Night 56 - Shogun vs. St. Preux","Tancredo Neves Municipal Gymnasium, Uberlandia, Minas Gerais, Brazil","/events/UFC-180-Werdum-vs-Hunt-37549"
"95","Nov072014","UFC Fight Night 55 - Rockhold vs. Bisping","Allphones Arena, Sydney, New South Wales, Australia","/events/UFC-Fight-Night-56-Shogun-vs-St-Preux-40223"
"96","Oct252014","UFC 179 - Aldo vs. Mendes 2","Maracanazinho Gymnasium, Rio de Janeiro, Rio de Janeiro, Brazil","/events/UFC-Fight-Night-55-Rockhold-vs-Bisping-40339"
"97","Oct042014","UFC Fight Night 54 - MacDonald vs. Saffiedine","Halifax Metro Centre, Halifax, Nova Scotia, Canada","/events/UFC-179-Aldo-vs-Mendes-2-37749"
"98","Oct042014","UFC Fight Night 53 - Nelson vs. Story","Ericsson Globe Arena, Stockholm, Sweden","/events/UFC-Fight-Night-54-MacDonald-vs-Saffiedine-35509"
"99","Sep272014","UFC 178 - Johnson vs. Cariaso","MGM Grand Garden Arena, Las Vegas, Nevada, United States","/events/UFC-Fight-Night-53-Nelson-vs-Story-37747"
"100","Sep202014","UFC Fight Night 52 - Hunt vs. Nelson","Saitama Super Arena, Saitama, Japan","/events/UFC-178-Johnson-vs-Cariaso-35507"
"101","Sep132014","UFC Fight Night 51 - Bigfoot vs. Arlovski 2","Nilson Nelson Gymnasium, Brasilia, Federal District, Brazil","/events/UFC-Fight-Night-52-Hunt-vs-Nelson-37745"
"210","Sep052014","UFC Fight Night 50 - Jacare vs. Mousasi 2","Foxwoods Resort Casino, Mashantucket, Connecticut, United States","/events/UFC-Fight-Night-51-Bigfoot-vs-Arlovski-2-37743"
"310","Aug302014","UFC 177 - Dillashaw vs. Soto","Sleep Train Arena, Sacramento, California, United States","/events/UFC-TBA-57825"
"410","Aug232014","UFC Fight Night 49 - Henderson vs. dos Anjos","BOK Center, Tulsa, Oklahoma, United States","/events/UFC-Fight-Night-50-Jacare-vs-Mousasi-2-38431"
"510","Aug232014","UFC Fight Night 48 - Bisping vs. Le","Cotai Arena, Macau, China","/events/UFC-177-Dillashaw-vs-Soto-38011"
"610","Aug162014","UFC Fight Night 47 - Bader vs. St. Preux","Cross Insurance Center, Bangor, Maine, United States","/events/UFC-Fight-Night-49-Henderson-vs-dos-Anjos-37361"
"710","Aug022014","UFC 176 - Aldo vs. Mendes 2","EVENT CANCELED - Staples Center, Los Angeles, California, United States","/events/UFC-Fight-Night-48-Bisping-vs-Le-37741"
"810","Jul262014","UFC on Fox 12 - Lawler vs. Brown","SAP Center, San Jose, California, United States","/events/UFC-Fight-Night-47-Bader-vs-St-Preux-37727"
"910","Jul192014","UFC Fight Night 46 - McGregor vs. Brandao","The O2, Dublin, Leinster, Ireland","/events/UFC-176-Aldo-vs-Mendes-2-37609"
"102","Jul162014","UFC Fight Night 45 - Cerrone vs. Miller","Revel Casino Hotel, Atlantic City, New Jersey, United States","/events/UFC-on-Fox-12-Lawler-vs-Brown-37719"
"111","Jul062014","UFC - The Ultimate Fighter 19 Finale","Mandalay Bay Events Center, Las Vegas, Nevada, United States","/events/UFC-Fight-Night-46-McGregor-vs-Brandao-36425"
"121","Jul052014","UFC 175 - Weidman vs. Machida","Mandalay Bay Events Center, Las Vegas, Nevada, United States","/events/UFC-Fight-Night-45-Cerrone-vs-Miller-37359"
"131","Jun282014","UFC Fight Night 44 - Swanson vs. Stephens","AT&T Center, San Antonio, Texas, United States","/events/UFC-The-Ultimate-Fighter-19-Finale-36737"
"141","Jun282014","UFC Fight Night 43 - Te Huna vs. Marquardt","Vector Arena, Auckland, New Zealand","/events/UFC-175-Weidman-vs-Machida-36735"
"151","Jun142014","UFC 174 - Johnson vs. Bagautinov","Rogers Arena, Vancouver, British Columbia, Canada","/events/UFC-Fight-Night-44-Swanson-vs-Stephens-36731"
"161","Jun072014","UFC Fight Night 42 - Henderson vs. Khabilov","Tingley Coliseum, Albuquerque, New Mexico, United States","/events/UFC-Fight-Night-43-Te-Huna-vs-Marquardt-37109"
"171","May312014","UFC Fight Night 41 - Munoz vs. Mousasi","O2 World, Berlin, Germany","/events/UFC-174-Johnson-vs-Bagautinov-35505"
"181","May312014","UFC - The Ultimate Fighter Brazil 3 Finale","Geraldo Jose de Almeida (Ibirapuera) Gymnasium, Sao Paulo, Sao Paulo, Brazil","/events/UFC-Fight-Night-42-Henderson-vs-Khabilov-36711"
"191","May242014","UFC 173 - Barao vs. Dillashaw","MGM Grand Garden Arena, Las Vegas, Nevada, United States","/events/UFC-Fight-Night-41-Munoz-vs-Mousasi-36427"
"201","May102014","UFC Fight Night 40 - Brown vs. Silva","U.S. Bank Arena, Cincinnati, Ohio, United States","/events/UFC-The-Ultimate-Fighter-Brazil-3-Finale-35955"
"211","Apr262014","UFC 172 - Jones vs. Teixeira","Baltimore Arena, Baltimore, Maryland, United States","/events/UFC-173-Barao-vs-Dillashaw-35617"
"221","Apr192014","UFC on Fox 11 - Werdum vs. Browne","Amway Center, Orlando, Florida, United States","/events/UFC-Fight-Night-40-Brown-vs-Silva-36085"
"231","Apr162014","UFC - The Ultimate Fighter Nations Finale","Pepsi Coliseum, Quebec City, Quebec, Canada","/events/UFC-172-Jones-vs-Teixeira-34401"
"241","Apr112014","UFC Fight Night 39 - Nogueira vs. Nelson","DU Arena, Abu Dhabi, United Arab Emirates","/events/UFC-on-Fox-11-Werdum-vs-Browne-35107"
"251","Mar232014","UFC Fight Night 38 - Shogun vs. Henderson 2","Nelio Dias Gymnasium, Natal, Rio Grande do Norte, Brazil","/events/UFC-The-Ultimate-Fighter-Nations-Finale-35503"
"261","Mar152014","UFC 171 - Hendricks vs. Lawler","American Airlines Arena, Dallas, Texas, United States","/events/UFC-Fight-Night-39-Nogueira-vs-Nelson-35669"
"271","Mar082014","UFC Fight Night 37 - Gustafsson vs. Manuwa","O2 Arena, London, Greater London, England","/events/UFC-Fight-Night-38-Shogun-vs-Henderson-2-35299"
"281","Mar012014","UFC - The Ultimate Fighter China Finale","Cotai Arena, Macau, China","/events/UFC-171-Hendricks-vs-Lawler-33949"
"291","Feb222014","UFC 170 - Rousey vs. McMann","Mandalay Bay Events Center, Las Vegas, Nevada, United States","/events/UFC-Fight-Night-37-Gustafsson-vs-Manuwa-33383"
"301","Feb152014","UFC Fight Night 36 - Machida vs. Mousasi","Arena Jaragua, Jaragua do Sul, Santa Catarina, Brazil","/events/UFC-The-Ultimate-Fighter-China-Finale-34819"
"311","Feb012014","UFC 169 - Barao vs. Faber 2","Prudential Center, Newark, New Jersey, United States","/events/UFC-170-Rousey-vs-McMann-33337"
"321","Jan252014","UFC on Fox 10 - Henderson vs. Thomson","United Center, Chicago, Illinois, United States","/events/UFC-Fight-Night-36-Machida-vs-Mousasi-33523"
"331","Jan152014","UFC Fight Night 35 - Rockhold vs. Philippou","The Arena at Gwinnett Center, Duluth, Georgia, United States","/events/UFC-169-Barao-vs-Faber-2-32773"
"341","Jan042014","UFC Fight Night 34 - Saffiedine vs. Lim","Marina Bay Sands, Marina Bay, Singapore","/events/UFC-on-Fox-10-Henderson-vs-Thomson-33335"
"351","Dec282013","UFC 168 - Weidman vs. Silva 2","MGM Grand Garden Arena, Las Vegas, Nevada, United States","/events/UFC-Fight-Night-35-Rockhold-vs-Philippou-33929"
"361","Dec142013","UFC on Fox 9 - Johnson vs. Benavidez 2","Sleep Train Arena, Sacramento, California, United States","/events/UFC-Fight-Night-34-Saffiedine-vs-Lim-32999"
"371","Dec072013","UFC Fight Night 33 - Hunt vs. Bigfoot","Brisbane Entertainment Centre, Brisbane, Queensland, Australia","/events/UFC-168-Weidman-vs-Silva-2-31257"
"381","Nov302013","UFC - The Ultimate Fighter 18 Finale","Mandalay Bay Events Center, Las Vegas, Nevada, United States","/events/UFC-on-Fox-9-Johnson-vs-Benavidez-2-26217"
"391","Nov162013","UFC 167 - St. Pierre vs. Hendricks","MGM Grand Garden Arena, Las Vegas, Nevada, United States","/events/UFC-Fight-Night-33-Hunt-vs-Bigfoot-32293"
"401","Nov092013","UFC Fight Night 32 - Belfort vs. Henderson","Goiania Arena, Goiania, Goias, Brazil","/events/UFC-The-Ultimate-Fighter-18-Finale-32325"
"411","Nov062013","UFC Fight Night 31 - Fight for the Troops 3","Fort Campbell, Hopkinsville, Kentucky, United States","/events/UFC-167-St-Pierre-vs-Hendricks-30815"
"421","Oct262013","UFC Fight Night 30 - Machida vs. Munoz","Phones 4U Arena, Manchester, Greater Manchester, England","/events/UFC-Fight-Night-32-Belfort-vs-Henderson-32067"
"431","Oct192013","UFC 166 - Velasquez vs. Dos Santos 3","Toyota Center, Houston, Texas, United States","/events/UFC-Fight-Night-31-Fight-for-the-Troops-3-32077"
"441","Oct092013","UFC Fight Night 29 - Maia vs. Shields","Jose Correa Gymnasium, Barueri, Sao Paulo, Brazil","/events/UFC-Fight-Night-30-Machida-vs-Munoz-31371"
"451","Sep212013","UFC 165 - Jones vs. Gustafsson","Air Canada Centre, Toronto, Ontario, Canada","/events/UFC-166-Velasquez-vs-Dos-Santos-3-30813"
"461","Sep042013","UFC Fight Night 28 - Teixeira vs. Bader","Jornalista Felipe Drumond Stadium, Belo Horizonte, Minas Gerais, Brazil","/events/UFC-Fight-Night-29-Maia-vs-Shields-31869"
"471","Aug312013","UFC 164 - Henderson vs. Pettis 2","BMO Harris Bradley Center, Milwaukee, Wisconsin, United States","/events/UFC-165-Jones-vs-Gustafsson-30249"
"481","Aug282013","UFC Fight Night 27 - Condit vs. Kampmann 2","Bankers Life Fieldhouse, Indianapolis, Indiana, United States","/events/UFC-Fight-Night-28-Teixeira-vs-Bader-30213"
"491","Aug172013","UFC Fight Night 26 - Shogun vs. Sonnen","TD Garden, Boston, Massachusetts, United States","/events/UFC-164-Henderson-vs-Pettis-2-28701"
"501","Aug032013","UFC 163 - Aldo vs. Korean Zombie","HSBC Arena, Rio de Janeiro, Brazil","/events/UFC-Fight-Night-27-Condit-vs-Kampmann-2-30211"
"511","Jul272013","UFC on Fox 8 - Johnson vs. Moraga","KeyArena, Seattle, Washington, United States","/events/UFC-Fight-Night-26-Shogun-vs-Sonnen-29795"
"521","Jul062013","UFC 162 - Silva vs. Weidman","MGM Grand Garden Arena, Las Vegas, Nevada, United States","/events/UFC-163-Aldo-vs-Korean-Zombie-28015"
"531","Jun152013","UFC 161 - Evans vs. Henderson","MTS Centre, Winnipeg, Manitoba, Canada","/events/UFC-on-Fox-8-Johnson-vs-Moraga-26215"
"541","Jun082013","UFC on Fuel TV 10 - Nogueira vs. Werdum","Paulo Sarasate Gymnasium, Fortaleza, Ceara, Brazil","/events/UFC-162-Silva-vs-Weidman-28459"
"551","May252013","UFC 160 - Velasquez vs. Bigfoot 2","MGM Grand Garden Arena, Las Vegas, Nevada, United States","/events/UFC-161-Evans-vs-Henderson-28457"
"561","May182013","UFC on FX 8 - Belfort vs. Rockhold","Arena Jaragua, Jaragua do Sul, Santa Catarina, Brazil","/events/UFC-on-Fuel-TV-10-Nogueira-vs-Werdum-26101"
"571","Apr272013","UFC 159 - Jones vs. Sonnen","Prudential Center, Newark, New Jersey, United States","/events/UFC-160-Velasquez-vs-Bigfoot-2-28051"
"581","Apr202013","UFC on Fox 7 - Henderson vs. Melendez","HP Pavilion, San Jose, California, United States","/events/UFC-on-FX-8-Belfort-vs-Rockhold-28215"
"591","Apr132013","UFC - The Ultimate Fighter 17 Finale","Mandalay Bay Events Center, Las Vegas, Nevada, United States","/events/UFC-159-Jones-vs-Sonnen-25825"
"601","Apr062013","UFC on Fuel TV 9 - Mousasi vs. Latifi","Ericsson Globe Arena, Stockholm, Sweden","/events/UFC-on-Fox-7-Henderson-vs-Melendez-26213"
"611","Mar162013","UFC 158 - St. Pierre vs. Diaz","Bell Centre, Montreal, Quebec, Canada","/events/UFC-The-Ultimate-Fighter-17-Finale-28023"
"621","Mar032013","UFC on Fuel TV 8 - Silva vs. Stann","Saitama Super Arena, Saitama, Japan","/events/UFC-on-Fuel-TV-9-Mousasi-vs-Latifi-27589"
"631","Feb232013","UFC 157 - Rousey vs. Carmouche","Honda Center, Anaheim, California, United States","/events/UFC-158-St-Pierre-vs-Diaz-27073"
"641","Feb162013","UFC on Fuel TV 7 - Barao vs. McDonald","Wembley Arena, London, England","/events/UFC-on-Fuel-TV-8-Silva-vs-Stann-26333"
"651","Feb022013","UFC 156 - Aldo vs. Edgar","Mandalay Bay Events Center, Las Vegas, Nevada, United States","/events/UFC-157-Rousey-vs-Carmouche-26381"
"661","Jan262013","UFC on Fox 6 - Johnson vs. Dodson","United Center, Chicago, Illinois, United States","/events/UFC-on-Fuel-TV-7-Barao-vs-McDonald-26459"
"671","Jan192013","UFC on FX 7 - Belfort vs. Bisping","Geraldo Jose de Almeida State Gymnasium, Sao Paulo, Brazil","/events/UFC-156-Aldo-vs-Edgar-26099"
"681","Dec292012","UFC 155 - Dos Santos vs. Velasquez 2","MGM Grand Garden Arena, Las Vegas, Nevada, United States","/events/UFC-on-Fox-6-Johnson-vs-Dodson-26199"
"691","Dec152012","UFC on FX 6 - Sotiropoulos vs. Pearson","Gold Coast Convention Centre, Gold Coast, Queensland, Australia","/events/UFC-on-FX-7-Belfort-vs-Bisping-26135"
"701","Dec152012","UFC - The Ultimate Fighter 16 Finale","The Joint at the Hard Rock Hotel & Casino, Las Vegas, Nevada, United States","/events/UFC-155-Dos-Santos-vs-Velasquez-2-24185"
"711","Dec082012","UFC on Fox 5 - Henderson vs. Diaz","Key Arena, Seattle, Washington, United States","/events/UFC-on-FX-6-Sotiropoulos-vs-Pearson-24707"
"721","Nov172012","UFC 154 - St. Pierre vs. Condit","Bell Centre, Montreal, Quebec, Canada","/events/UFC-The-Ultimate-Fighter-16-Finale-24719"
"731","Nov102012","UFC on Fuel TV 6 - Franklin vs. Le","Cotai Arena, Cotai, Macau, China","/events/UFC-on-Fox-5-Henderson-vs-Diaz-23169"
"741","Oct132012","UFC 153 - Silva vs. Bonnar","HSBC Arena, Rio de Janeiro, Brazil","/events/UFC-154-St-Pierre-vs-Condit-21047"
"751","Oct052012","UFC on FX 5 - Browne vs. Bigfoot","Target Center, Minneapolis, Minnesota, United States","/events/UFC-on-Fuel-TV-6-Franklin-vs-Le-23437"
"761","Sep292012","UFC on Fuel TV 5 - Struve vs. Miocic","Capital FM Arena, Nottingham, England","/events/UFC-153-Silva-vs-Bonnar-23527"
"771","Sep222012","UFC 152 - Jones vs. Belfort","Air Canada Centre, Toronto, Ontario, Canada","/events/UFC-on-FX-5-Browne-vs-Bigfoot-22541"
"781","Sep012012","UFC 151 - Jones vs. Henderson","EVENT CANCELED - 
Mandalay Bay Events Center, Las Vegas, Nevada, United States","/events/UFC-on-Fuel-TV-5-Struve-vs-Miocic-22725"
"791","Aug112012","UFC 150 - Henderson vs. Edgar 2","Pepsi Center, Denver, Colorado, United States","/events/UFC-152-Jones-vs-Belfort-21045"
"801","Aug042012","UFC on Fox 4 - Shogun vs. Vera","Staples Center, Los Angeles, California, United States","/events/UFC-151-Jones-vs-Henderson-25809"
"811","Jul212012","UFC 149 - Faber vs. Barao","Scotiabank Saddledome, Calgary, Alberta, Canada","/events/UFC-150-Henderson-vs-Edgar-2-22013"
"821","Jul112012","UFC on Fuel TV 4 - Munoz vs. Weidman","HP Pavillion, San Jose, California, United States","/events/UFC-on-Fox-4-Shogun-vs-Vera-20081"
"831","Jul072012","UFC 148 - Silva vs. Sonnen 2","MGM Grand Garden Arena, Las Vegas, Nevada, United States","/events/UFC-149-Faber-vs-Barao-20821"
"841","Jun232012","UFC 147 - Silva vs. Franklin 2","Jornalista Felipe Drumond Stadium, Belo Horizonte, Minas Gerais, Brazil","/events/UFC-on-Fuel-TV-4-Munoz-vs-Weidman-21725"
"851","Jun222012","UFC on FX 4 - Maynard vs. Guida","Revel Atlantic City, Atlantic City, New Jersey, United States","/events/UFC-148-Silva-vs-Sonnen-2-20355"
"861","Jun082012","UFC on FX 3 - Johnson vs. McCall","BankAtlantic Center, Fort Lauderdale, Florida, United States","/events/UFC-147-Silva-vs-Franklin-2-19449"
"871","Jun012012","UFC - The Ultimate Fighter 15 Finale","Palms Casino Resort, Las Vegas, Nevada, United States","/events/UFC-on-FX-4-Maynard-vs-Guida-20385"
"881","May262012","UFC 146 - Dos Santos vs. Mir","MGM Grand Garden Arena, Las Vegas, Nevada, United States","/events/UFC-on-FX-3-Johnson-vs-McCall-21037"
"891","May152012","UFC on Fuel TV 3 - Korean Zombie vs. Poirier","Patriot Center, Fairfax, Virginia, United States","/events/UFC-The-Ultimate-Fighter-15-Finale-19325"
"901","May052012","UFC on Fox 3 - Diaz vs. Miller","Izod Center, East Rutherford, New Jersey, United States","/events/UFC-146-Dos-Santos-vs-Mir-20353"
"911","Apr212012","UFC 145 - Jones vs. Evans","Phillips Arena, Atlanta, Georgia, United States","/events/UFC-on-Fuel-TV-3-Korean-Zombie-vs-Poirier-20203"
"921","Apr142012","UFC on Fuel TV 2 - Gustafsson vs. Silva","Ericsson Globe Arena, Stockholm, Sweden","/events/UFC-on-Fox-3-Diaz-vs-Miller-20039"
"931","Mar032012","UFC on FX 2 - Alves vs. Kampmann","Allphones Arena, Sydney, New South Wales, Australia","/events/UFC-145-Jones-vs-Evans-20031"
"941","Feb262012","UFC 144 - Edgar vs. Henderson","Saitama Super Arena, Saitama, Japan","/events/UFC-on-Fuel-TV-2-Gustafsson-vs-Silva-19857"
"951","Feb152012","UFC on Fuel TV 1 - Sanchez vs. Ellenberger","Omaha Civic Auditorium, Omaha, Nebraska, United States","/events/UFC-on-FX-2-Alves-vs-Kampmann-19379"
"961","Feb042012","UFC 143 - Diaz vs. Condit","Mandalay Bay Events Center, Las Vegas, Nevada, United States","/events/UFC-144-Edgar-vs-Henderson-18347"
"971","Jan282012","UFC on Fox 2 - Evans vs. Davis","United Center, Chicago, Illinois, United States","/events/UFC-on-Fuel-TV-1-Sanchez-vs-Ellenberger-19187"
"981","Jan202012","UFC on FX - Guillard vs. Miller","Bridgestone Arena, Nashville, Tennessee, United States","/events/UFC-143-Diaz-vs-Condit-18945"
"991","Jan142012","UFC 142 - Aldo vs. Mendes","HSBC Arena, Rio de Janeiro, Brazil","/events/UFC-on-Fox-2-Evans-vs-Davis-19039"
"1001","Dec302011","UFC 141 - Lesnar vs. Overeem","MGM Grand Garden Arena, Las Vegas, Nevada, United States","/events/UFC-on-FX-Guillard-vs-Miller-19068"
"1011","Dec102011","UFC 140 - Jones vs. Machida","Air Canada Centre, Toronto, Ontario, Canada","/events/UFC-142-Aldo-vs-Mendes-18901"
"212","Dec032011","UFC - The Ultimate Fighter 14 Finale","The Pearl at the Palms, Las Vegas, Nevada, United States","/events/UFC-141-Lesnar-vs-Overeem-18346"
"312","Nov192011","UFC 139 - Shogun vs. Henderson","HP Pavillion, San Jose, California, United States","/events/UFC-140-Jones-vs-Machida-17274"
"412","Nov122011","UFC on Fox 1 - Velasquez vs. Dos Santos","Honda Center, Anaheim, California, United States","/events/UFC-TBA-57825"
"512","Nov052011","UFC 138 - Leben vs. Munoz","LG Arena, Birmingham, West Midlands, England","/events/UFC-The-Ultimate-Fighter-14-Finale-17424"
"612","Oct292011","UFC 137 - Penn vs. Diaz","Mandalay Bay Events Center, Las Vegas, Nevada, United States","/events/UFC-139-Shogun-vs-Henderson-17551"
"712","Oct082011","UFC 136 - Edgar vs. Maynard 3","Toyota Center, Houston, Texas, United States","/events/UFC-on-Fox-1-Velasquez-vs-Dos-Santos-18201"
"812","Oct012011","UFC Live 6 - Cruz vs. Johnson","Verizon Center, Washington, D.C., United States","/events/UFC-138-Leben-vs-Munoz-17824"
"912","Sep242011","UFC 135 - Jones vs. Rampage","Pepsi Center, Denver, Colorado, United States","/events/UFC-137-Penn-vs-Diaz-17377"
"103","Sep172011","UFC Fight Night 25 - Shields vs. Ellenberger","Ernest N. Morial Convention Center, New Orleans, Louisiana, United States","/events/UFC-136-Edgar-vs-Maynard-3-17391"
"112","Aug272011","UFC 134 - Silva vs. Okami","HSBC Arena, Rio de Janeiro, Brazil","/events/UFC-Live-6-Cruz-vs-Johnson-17789"
"122","Aug142011","UFC Live 5 - Hardy vs. Lytle","Bradley Center, Milwaukee, Wisconsin, United States","/events/UFC-135-Jones-vs-Rampage-17043"
"132","Aug062011","UFC 133 - Evans vs. Ortiz 2","Wells Fargo Center, Philadelphia, Pennsylvania, United States","/events/UFC-Fight-Night-25-Shields-vs-Ellenberger-16712"
"142","Jul022011","UFC 132 - Cruz vs. Faber 2","MGM Grand Garden Arena, Las Vegas, Nevada, United States","/events/UFC-134-Silva-vs-Okami-15454"
"152","Jun262011","UFC Live 4 - Kongo vs. Barry","Consol Energy Center, Pittsburgh, Pennsylvania, United States","/events/UFC-Live-5-Hardy-vs-Lytle-16967"
"162","Jun112011","UFC 131 - Dos Santos vs. Carwin","Rogers Arena, Vancouver, British Columbia, Canada","/events/UFC-133-Evans-vs-Ortiz-2-16787"
"172","Jun042011","UFC - The Ultimate Fighter 13 Finale","Palms Casino Resort, Las Vegas, Nevada, United States","/events/UFC-132-Cruz-vs-Faber-2-16495"
"182","May282011","UFC 130 - Rampage vs. Hamill","MGM Grand Garden Arena, Las Vegas, Nevada, United States","/events/UFC-Live-4-Kongo-vs-Barry-16309"
"192","Apr302011","UFC 129 - St. Pierre vs. Shields","Rogers Centre, Toronto, Ontario, Canada","/events/UFC-131-Dos-Santos-vs-Carwin-15720"
"202","Mar262011","UFC Fight Night 24 - Nogueira vs. Davis","Key Arena, Seattle, Washington, United States","/events/UFC-The-Ultimate-Fighter-13-Finale-15811"
"213","Mar192011","UFC 128 - Shogun vs. Jones","Prudential Center, Newark, New Jersey, United States","/events/UFC-130-Rampage-vs-Hamill-15685"
"222","Mar032011","UFC Live 3 - Sanchez vs. Kampmann","KFC Yum! Center, Louisville, Kentucky, United States","/events/UFC-129-St-Pierre-vs-Shields-15427"
"232","Feb272011","UFC 127 - Penn vs. Fitch","Acer Arena, Sydney, New South Wales, Australia","/events/UFC-Fight-Night-24-Nogueira-vs-Davis-15559"
"242","Feb052011","UFC 126 - Silva vs. Belfort","Mandalay Bay Events Center, Las Vegas, Nevada, United States","/events/UFC-128-Shogun-vs-Jones-15483"
"252","Jan222011","UFC Fight Night 23 - Fight for the Troops 2","Fort Hood, Killeen, Texas, United States","/events/UFC-Live-3-Sanchez-vs-Kampmann-15438"
"262","Jan012011","UFC 125 - Resolution","MGM Grand Garden Arena, Las Vegas, Nevada, United States","/events/UFC-127-Penn-vs-Fitch-15202"
"272","Dec112010","UFC 124 - St. Pierre vs. Koscheck 2","Bell Centre, Montreal, Quebec, Canada","/events/UFC-126-Silva-vs-Belfort-15104"
"282","Dec042010","UFC - The Ultimate Fighter 12 Finale","Palms Casino Resort, Las Vegas, Nevada, United States","/events/UFC-Fight-Night-23-Fight-for-the-Troops-2-15120"
"292","Nov202010","UFC 123 - Rampage vs. Machida","The Palace of Auburn Hills, Auburn Hills, Michigan, United States","/events/UFC-125-Resolution-14530"
"302","Nov132010","UFC 122 - Marquardt vs. Okami","Konig Pilsener Arena, Oberhausen, Germany","/events/UFC-124-St-Pierre-vs-Koscheck-2-14504"
"313","Oct232010","UFC 121 - Lesnar vs. Velasquez","Honda Center, Anaheim, California, United States","/events/UFC-The-Ultimate-Fighter-12-Finale-14462"
"322","Oct162010","UFC 120 - Bisping vs. Akiyama","O2 Arena, London, England","/events/UFC-123-Rampage-vs-Machida-14529"
"332","Sep252010","UFC 119 - Mir vs. Cro Cop","Conseco Fieldhouse, Indianapolis, Indiana, United States","/events/UFC-122-Marquardt-vs-Okami-14430"
"342","Sep152010","UFC Fight Night 22 - Marquardt vs. Palhares","Frank Erwin Center, Austin, Texas, United States","/events/UFC-121-Lesnar-vs-Velasquez-14039"
"352","Aug282010","UFC 118 - Edgar vs. Penn 2","TD Garden, Boston, Massachusetts, United States","/events/UFC-120-Bisping-vs-Akiyama-14025"
"362","Aug072010","UFC 117 - Silva vs. Sonnen","Oracle Arena, Oakland, California, United States","/events/UFC-119-Mir-vs-Cro-Cop-13732"
"372","Aug012010","UFC Live 2 - Jones vs. Matyushenko","San Diego Sports Arena, San Diego, California, United States","/events/UFC-Fight-Night-22-Marquardt-vs-Palhares-14024"
"382","Jul032010","UFC 116 - Lesnar vs. Carwin","MGM Grand Garden Arena, Las Vegas, Nevada, United States","/events/UFC-118-Edgar-vs-Penn-2-13380"
"392","Jun192010","UFC - The Ultimate Fighter 11 Finale","Palms Casino Resort, Las Vegas, Nevada, United States","/events/UFC-117-Silva-vs-Sonnen-13310"
"402","Jun122010","UFC 115 - Liddell vs. Franklin","GM Place, Vancouver, British Columbia, Canada","/events/UFC-Live-2-Jones-vs-Matyushenko-13294"
"413","May292010","UFC 114 - Rampage vs. Evans","MGM Grand Garden Arena, Las Vegas, Nevada, United States","/events/UFC-116-Lesnar-vs-Carwin-12765"
"422","May082010","UFC 113 - Machida vs. Shogun 2","Bell Centre, Montreal, Quebec, Canada","/events/UFC-The-Ultimate-Fighter-11-Finale-12897"
"432","Apr102010","UFC 112 - Invincible","Ferrari World Concert Arena, Abu Dhabi, United Arab Emirates","/events/UFC-115-Liddell-vs-Franklin-12447"
"442","Mar312010","UFC Fight Night 21 - Florian vs. Gomi","Bojangles Coliseum, Charlotte, North Carolina, United States","/events/UFC-114-Rampage-vs-Evans-12446"
"452","Mar272010","UFC 111 - St. Pierre vs. Hardy","Prudential Center, Newark, New Jersey, United States","/events/UFC-113-Machida-vs-Shogun-2-12390"
"462","Mar212010","UFC Live 1 - Vera vs. Jones","1stBank Center, Broomfield, Colorado, United States","/events/UFC-112-Invincible-12184"
"472","Feb202010","UFC 110 - Nogueira vs. Velasquez","Acer Arena, Sydney, New South Wales, Australia","/events/UFC-Fight-Night-21-Florian-vs-Gomi-12474"
"482","Feb062010","UFC 109 - Relentless","Mandalay Bay Events Center, Las Vegas, Nevada, United States","/events/UFC-111-St-Pierre-vs-Hardy-12131"
"492","Jan112010","UFC Fight Night 20 - Maynard vs. Diaz","Patriot Center, Fairfax, Virginia, United States","/events/UFC-Live-1-Vera-vs-Jones-12389"
"502","Jan022010","UFC 108 - Evans vs. Silva","MGM Grand Garden Arena, Las Vegas, Nevada, United States","/events/UFC-110-Nogueira-vs-Velasquez-11792"
"513","Dec122009","UFC 107 - Penn vs. Sanchez","FedEx Forum, Memphis, Tennessee, United States","/events/UFC-109-Relentless-11741"
"522","Dec052009","UFC - The Ultimate Fighter 10 Finale","Palms Casino Resort, Las Vegas, Nevada, United States","/events/UFC-Fight-Night-20-Maynard-vs-Diaz-11617"
"532","Nov212009","UFC 106 - Ortiz vs. Griffin 2","Mandalay Bay Events Center, Las Vegas, Nevada, United States","/events/UFC-108-Evans-vs-Silva-11471"
"542","Nov142009","UFC 105 - Couture vs. Vera","Manchester Evening News Arena, Manchester, Lancashire, England","/events/UFC-107-Penn-vs-Sanchez-11118"
"552","Oct242009","UFC 104 - Machida vs. Shogun","Staples Center, Los Angeles, California, United States","/events/UFC-The-Ultimate-Fighter-10-Finale-11054"
"562","Sep192009","UFC 103 - Franklin vs. Belfort","American Airlines Center, Dallas, Texas, United States","/events/UFC-106-Ortiz-vs-Griffin-2-11053"
"572","Sep162009","UFC Fight Night 19 - Diaz vs. Guillard","Cox Convention Center, Oklahoma City, Oklahoma, United States","/events/UFC-105-Couture-vs-Vera-11052"
"582","Aug292009","UFC 102 - Couture vs. Nogueira","Rose Garden Arena, Portland, Oregon, United States","/events/UFC-104-Machida-vs-Shogun-10333"
"592","Aug082009","UFC 101 - Declaration","Wachovia Center, Philadelphia, Pennsylvania, United States","/events/UFC-103-Franklin-vs-Belfort-10444"
"602","Jul112009","UFC 100 - Lesnar vs. Mir 2","Mandalay Bay Events Center, Las Vegas, Nevada, United States","/events/UFC-Fight-Night-19-Diaz-vs-Guillard-10443"
"613","Jun202009","UFC - The Ultimate Fighter 9 Finale","Palms Casino Resort, Las Vegas, Nevada, United States","/events/UFC-102-Couture-vs-Nogueira-10147"
"622","Jun132009","UFC 99 - The Comeback","Lanxess Arena, Cologne, Germany","/events/UFC-101-Declaration-9925"
"632","May232009","UFC 98 - Evans vs. Machida","MGM Grand Garden Arena, Las Vegas, Nevada, United States","/events/UFC-100-Lesnar-vs-Mir-2-9568"
"642","Apr182009","UFC 97 - Redemption","Bell Centre, Montreal, Quebec, Canada","/events/UFC-The-Ultimate-Fighter-9-Finale-9751"
"652","Apr012009","UFC Fight Night 18 - Condit vs. Kampmann","Sommet Center, Nashville, Tennessee, United States","/events/UFC-99-The-Comeback-9297"
"662","Mar072009","UFC 96 - Jackson vs. Jardine","Nationwide Arena, Columbus, Ohio, United States","/events/UFC-98-Evans-vs-Machida-9529"
"672","Feb212009","UFC 95 - Sanchez vs. Stevenson","O2 Arena, London, England","/events/UFC-97-Redemption-9432"
"682","Feb072009","UFC Fight Night 17 - Lauzon vs. Stephens","USF Sun Dome, Tampa, Florida, United States","/events/UFC-Fight-Night-18-Condit-vs-Kampmann-9448"
"692","Jan312009","UFC 94 - St. Pierre vs. Penn 2","MGM Grand Garden Arena, Las Vegas, Nevada, United States","/events/UFC-96-Jackson-vs-Jardine-9427"
"702","Jan172009","UFC 93 - Franklin vs. Henderson","O2 Arena, Dublin, Ireland","/events/UFC-95-Sanchez-vs-Stevenson-9250"
"713","Dec272008","UFC 92 - The Ultimate 2008","MGM Grand Garden Arena, Las Vegas, Nevada, United States","/events/UFC-Fight-Night-17-Lauzon-vs-Stephens-9307"
"722","Dec132008","UFC - The Ultimate Fighter 8 Finale","Palms Casino Resort, Las Vegas, Nevada, United States","/events/UFC-94-St-Pierre-vs-Penn-2-8465"
"732","Dec102008","UFC Fight Night 16 - Fight for the Troops 1","Crown Coliseum, Fayetteville, North Carolina, United States","/events/UFC-93-Franklin-vs-Henderson-8864"
"742","Nov152008","UFC 91 - Couture vs. Lesnar","MGM Grand Garden Arena, Las Vegas, Nevada, United States","/events/UFC-92-The-Ultimate-2008-8732"
"752","Oct252008","UFC 90 - Silva vs. Cote","Allstate Arena, Rosemont, Illinois, United States","/events/UFC-The-Ultimate-Fighter-8-Finale-8765"
"762","Oct182008","UFC 89 - Bisping vs. Leben","National Indoor Arena, Birmingham, West Midlands, England","/events/UFC-Fight-Night-16-Fight-for-the-Troops-1-8724"
"772","Sep172008","UFC Fight Night 15 - Diaz vs. Neer","Omaha Civic Auditorium, Omaha, Nebraska, United States","/events/UFC-91-Couture-vs-Lesnar-8406"
"782","Sep062008","UFC 88 - Breakthrough","Philips Arena, Atlanta, Georgia, United States","/events/UFC-90-Silva-vs-Cote-8188"
"792","Aug092008","UFC 87 - Seek and Destroy","Target Center, Minneapolis, Minnesota, United States","/events/UFC-89-Bisping-vs-Leben-8070"
"802","Jul192008","UFC Fight Night 14 - Silva vs. Irvin","Palms Casino Resort, Las Vegas, Nevada, United States","/events/UFC-Fight-Night-15-Diaz-vs-Neer-7916"
"813","Jul052008","UFC 86 - Jackson vs. Griffin","Mandalay Bay Events Center, Las Vegas, Nevada, United States","/events/UFC-88-Breakthrough-7837"
"822","Jun212008","UFC - The Ultimate Fighter 7 Finale","Palms Casino Resort, Las Vegas, Nevada, United States","/events/UFC-87-Seek-and-Destroy-6779"
"832","Jun072008","UFC 85 - Bedlam","O2 Arena, London, England","/events/UFC-Fight-Night-14-Silva-vs-Irvin-7835"
"842","May242008","UFC 84 - Ill Will","MGM Grand Garden Arena, Las Vegas, Nevada, United States","/events/UFC-86-Jackson-vs-Griffin-7021"
"852","Apr192008","UFC 83 - Serra vs. St. Pierre 2","Bell Centre, Montreal, Quebec, Canada","/events/UFC-The-Ultimate-Fighter-7-Finale-6954"
"862","Apr022008","UFC Fight Night 13 - Florian vs. Lauzon","Broomfield Event Center, Broomfield, Colorado, United States","/events/UFC-85-Bedlam-6778"
"872","Mar012008","UFC 82 - Pride of a Champion","Nationwide Arena, Columbus, Ohio, United States","/events/UFC-84-Ill-Will-6394"
"882","Feb022008","UFC 81 - Breaking Point","MGM Grand Garden Arena, Las Vegas, Nevada, United States","/events/UFC-83-Serra-vs-St-Pierre-2-6339"
"892","Jan232008","UFC Fight Night 12 - Swick vs. Burkman","Palms Casino Resort, Las Vegas, Nevada, United States","/events/UFC-Fight-Night-13-Florian-vs-Lauzon-6552"
"902","Jan192008","UFC 80 - Rapid Fire","Metro Radio Arena, Newcastle upon Tyne, Tyne and Wear, England","/events/UFC-82-Pride-of-a-Champion-6039"
"913","Dec292007","UFC 79 - Nemesis","Mandalay Bay Events Center, Las Vegas, Nevada, United States","/events/UFC-81-Breaking-Point-6038"
"922","Dec082007","UFC - The Ultimate Fighter 6 Finale","Palms Casino Resort, Las Vegas, Nevada, United States","/events/UFC-Fight-Night-12-Swick-vs-Burkman-6179"
"932","Nov172007","UFC 78 - Validation","Prudential Center, Newark, New Jersey, United States","/events/UFC-80-Rapid-Fire-5982"
"942","Oct202007","UFC 77 - Hostile Territory","U.S. Bank Arena, Cincinnati, Ohio, United States","/events/UFC-79-Nemesis-5458"
"952","Sep222007","UFC 76 - Knockout","Honda Center, Anaheim, California, United States","/events/UFC-The-Ultimate-Fighter-6-Finale-5459"
"962","Sep192007","UFC Fight Night 11 - Thomas vs. Florian","Palms Casino Resort, Las Vegas, Nevada, United States","/events/UFC-78-Validation-5708"
"972","Sep082007","UFC 75 - Champion vs. Champion","O2 Arena, London, England","/events/UFC-77-Hostile-Territory-5482"
"982","Aug252007","UFC 74 - Respect","Mandalay Bay Events Center, Las Vegas, Nevada, United States","/events/UFC-76-Knockout-5417"
"992","Jul072007","UFC 73 - Stacked","ARCO Arena, Sacramento, California, United States","/events/UFC-Fight-Night-11-Thomas-vs-Florian-5454"
"1002","Jun232007","UFC - The Ultimate Fighter 5 Finale","Palms Casino Resort, Las Vegas, Nevada, United States","/events/UFC-75-Champion-vs-Champion-5298"
"1012","Jun162007","UFC 72 - Victory","The Odyssey, Belfast, Northern Ireland","/events/UFC-74-Respect-5297"
"214","Jun122007","UFC Fight Night 10 - Stout vs. Fisher 2","Seminole Hard Rock Hotel and Casino, Hollywood, Florida, United States","/events/UFC-73-Stacked-5158"
"314","May262007","UFC 71 - Liddell vs. Jackson","MGM Grand Garden Arena, Las Vegas, Nevada, United States","/events/UFC-The-Ultimate-Fighter-5-Finale-4681"
"414","Apr212007","UFC 70 - Nations Collide","Manchester Evening News Arena, Manchester, Lancashire, England","/events/UFC-72-Victory-5084"
"514","Apr072007","UFC 69 - Shootout","Toyota Center, Houston, Texas, United States","/events/UFC-TBA-57825"
"614","Apr052007","UFC Fight Night 9 - Stevenson vs. Guillard","Palms Casino Resort, Las Vegas, Nevada, United States","/events/UFC-Fight-Night-10-Stout-vs-Fisher-2-5227"
"714","Mar032007","UFC 68 - Uprising","Nationwide Arena, Columbus, Ohio, United States","/events/UFC-71-Liddell-vs-Jackson-4993"
"814","Feb032007","UFC 67 - All or Nothing","Mandalay Bay Events Center, Las Vegas, Nevada, United States","/events/UFC-70-Nations-Collide-4862"
"914","Jan252007","UFC Fight Night 8 - Evans vs. Salmon","Seminole Hard Rock Hotel and Casino, Hollywood, Florida, United States","/events/UFC-69-Shootout-4663"
"104","Dec302006","UFC 66 - Liddell vs. Ortiz 2","MGM Grand Garden Arena, Las Vegas, Nevada, United States","/events/UFC-Fight-Night-9-Stevenson-vs-Guillard-4682"
"113","Dec132006","UFC Fight Night 7 - Sanchez vs. Riggs","Marine Corps Air Station Miramar, San Diego, California, United States","/events/UFC-68-Uprising-4662"
"123","Nov182006","UFC 65 - Bad Intentions","ARCO Arena, Sacramento, California, United States","/events/UFC-67-All-or-Nothing-4311"
"133","Nov112006","UFC - The Ultimate Fighter 4 Finale","Hard Rock Hotel and Casino, Las Vegas, Nevada, United States","/events/UFC-Fight-Night-8-Evans-vs-Salmon-4664"
"143","Oct142006","UFC 64 - Unstoppable","Mandalay Bay Events Center, Las Vegas, Nevada, United States","/events/UFC-66-Liddell-vs-Ortiz-2-4312"
"153","Oct102006","UFC Fight Night 6.5 - Ortiz vs. Shamrock 3","Seminole Hard Rock Hotel and Casino, Hollywood, Florida, United States","/events/UFC-Fight-Night-7-Sanchez-vs-Riggs-4626"
"163","Sep232006","UFC 63 - Hughes vs. Penn 2","Honda Center, Anaheim, California, United States","/events/UFC-65-Bad-Intentions-4313"
"173","Aug262006","UFC 62 - Liddell vs. Sobral","Mandalay Bay Events Center, Las Vegas, Nevada, United States","/events/UFC-The-Ultimate-Fighter-4-Finale-4314"
"183","Aug172006","UFC Fight Night 6 - Sanchez vs. Parisyan","Red Rock Casino Resort and Spa, Las Vegas, Nevada, United States","/events/UFC-64-Unstoppable-4181"
"193","Jul082006","UFC 61 - Bitter Rivals","Mandalay Bay Events Center, Las Vegas, Nevada, United States","/events/UFC-Fight-Night-65-Ortiz-vs-Shamrock-3-4112"
"203","Jun282006","UFC Fight Night 5 - Leben vs. Silva","Hard Rock Hotel and Casino, Las Vegas, Nevada, United States","/events/UFC-63-Hughes-vs-Penn-2-4094"
"215","Jun242006","UFC - The Ultimate Fighter 3 Finale","Hard Rock Hotel and Casino, Las Vegas, Nevada, United States","/events/UFC-62-Liddell-vs-Sobral-4027"
"223","May272006","UFC 60 - Hughes vs. Gracie","Staples Center, Los Angeles, California, United States","/events/UFC-Fight-Night-6-Sanchez-vs-Parisyan-4026"
"233","Apr152006","UFC 59 - Reality Check","Honda Center, Anaheim, California, United States","/events/UFC-61-Bitter-Rivals-3910"
"243","Apr062006","UFC Fight Night 4 - Bonnar vs. Jardine","Hard Rock Hotel and Casino, Las Vegas, Nevada, United States","/events/UFC-Fight-Night-5-Leben-vs-Silva-3815"
"253","Mar042006","UFC 58 - USA vs. Canada","Mandalay Bay Events Center, Las Vegas, Nevada, United States","/events/UFC-The-Ultimate-Fighter-3-Finale-3952"
"263","Feb042006","UFC 57 - Liddell vs. Couture 3","Mandalay Bay Events Center, Las Vegas, Nevada, United States","/events/UFC-60-Hughes-vs-Gracie-3666"
"273","Jan162006","UFC Fight Night 3 - Sylvia vs. Silva","Hard Rock Hotel and Casino, Las Vegas, Nevada, United States","/events/UFC-59-Reality-Check-3577"
"283","Nov192005","UFC 56 - Full Force","MGM Grand Garden Arena, Las Vegas, Nevada, United States","/events/UFC-Fight-Night-4-Bonnar-vs-Jardine-3665"
"293","Nov052005","UFC - The Ultimate Fighter 2 Finale","Hard Rock Hotel and Casino, Las Vegas, Nevada, United States","/events/UFC-58-USA-vs-Canada-3512"
"303","Oct072005","UFC 55 - Fury","Mohegan Sun Arena, Uncasville, Connecticut, United States","/events/UFC-57-Liddell-vs-Couture-3-3508"
"315","Oct032005","UFC Fight Night 2 - Loiseau vs. Tanner","Hard Rock Hotel and Casino, Las Vegas, Nevada, United States","/events/UFC-Fight-Night-3-Sylvia-vs-Silva-3486"
"323","Aug202005","UFC 54 - Boiling Point","MGM Grand Garden Arena, Las Vegas, Nevada, United States","/events/UFC-56-Full-Force-3328"
"333","Aug062005","UFC Fight Night 1 - Marquardt vs. Salaverry","Cox Pavillion, Las Vegas, Nevada, United States","/events/UFC-The-Ultimate-Fighter-2-Finale-3375"
"343","Jun042005","UFC 53 - Heavy Hitters","Boardwalk Hall, Atlantic City, New Jersey, United States","/events/UFC-55-Fury-3250"
"353","Apr162005","UFC 52 - Couture vs. Liddell 2","MGM Grand Garden Arena, Las Vegas, Nevada, United States","/events/UFC-Fight-Night-2-Loiseau-vs-Tanner-3255"
"363","Apr092005","UFC - The Ultimate Fighter 1 Finale","Cox Pavilion, Las Vegas, Nevada, United States","/events/UFC-54-Boiling-Point-3093"
"373","Feb052005","UFC 51 - Super Saturday","Mandalay Bay Events Center, Las Vegas, Nevada, United States","/events/UFC-Fight-Night-1-Marquardt-vs-Salaverry-3100"
"383","Oct222004","UFC 50 - The War of '04","Boardwalk Hall, Atlantic City, New Jersey, United States","/events/UFC-53-Heavy-Hitters-3054"
"393","Aug212004","UFC 49 - Unfinished Business","MGM Grand Garden Arena, Las Vegas, Nevada, United States","/events/UFC-52-Couture-vs-Liddell-2-2930"
"403","Jun192004","UFC 48 - Payback","Mandalay Bay Events Center, Las Vegas, Nevada, United States","/events/UFC-The-Ultimate-Fighter-1-Finale-2971"
"415","Apr022004","UFC 47 - It's On","Mandalay Bay Events Center, Las Vegas, Nevada, United States","/events/UFC-51-Super-Saturday-2690"
"423","Jan312004","UFC 46 - Supernatural","Mandalay Bay Events Center, Las Vegas, Nevada, United States","/events/UFC-50-The-War-of-04-2512"
"433","Nov212003","UFC 45 - Revolution","Mohegan Sun Arena, Uncasville, Conneticut, United States","/events/UFC-49-Unfinished-Business-2400"
"443","Sep262003","UFC 44 - Undisputed","Mandalay Bay Events Center, Las Vegas, Nevada, United States","/events/UFC-48-Payback-2203"
"453","Jun062003","UFC 43 - Meltdown","Thomas and Mack Center, Las Vegas, Nevada, United States","/events/UFC-47-Its-On-2121"
"463","Apr252003","UFC 42 - Sudden Impact","American Airlines Arena, Miami, Florida, United States","/events/UFC-46-Supernatural-1943"
"473","Feb282003","UFC 41 - Onslaught","Boardwalk Hall, Atlantic City, New Jersey, United States","/events/UFC-45-Revolution-1863"
"483","Nov222002","UFC 40 - Vendetta","MGM Grand Garden Arena, Las Vegas, Nevada, United States","/events/UFC-44-Undisputed-1688"
"493","Sep272002","UFC 39 - The Warriors Return","Mohegan Sun Arena, Uncasville, Conneticut, United States","/events/UFC-43-Meltdown-1614"
"503","Jul132002","UFC 38 - Brawl at the Hall","Royal Albert Hall, London, England","/events/UFC-42-Sudden-Impact-1469"
"515","Jun222002","UFC 37.5 - As Real As It Gets","Bellagio Hotel and CasinoLas Vegas, Nevada, United States","/events/UFC-41-Onslaught-1424"
"523","May102002","UFC 37 - High Impact","CenturyTel Center, Bossier City, Louisiana, United States","/events/UFC-40-Vendetta-1220"
"533","Mar222002","UFC 36 - Worlds Collide","MGM Grand Garden Arena, Las Vegas, Nevada, United States","/events/UFC-39-The-Warriors-Return-1085"
"543","Jan112002","UFC 35 - Throwdown","Mohegan Sun Arena, Uncasville, Conneticut, United States","/events/UFC-38-Brawl-at-the-Hall-923"
"553","Nov022001","UFC 34 - High Voltage","MGM Grand Garden Arena, Las Vegas, Nevada, United States","/events/UFC-375-As-Real-As-It-Gets-901"
"563","Sep282001","UFC 33 - Victory in Vegas","Mandalay Bay Events Center, Las Vegas, Nevada, United States","/events/UFC-37-High-Impact-850"
"573","Jun292001","UFC 32 - Showdown in the Meadowlands","Continental Airlines Arena, East Ruthorford, New Jersey, United States","/events/UFC-36-Worlds-Collide-771"
"583","May042001","UFC 31 - Locked & Loaded","Trump Taj Mahal, Atlantic City, New Jersey, United States","/events/UFC-35-Throwdown-668"
"593","Feb232001","UFC 30 - Battle on the Boardwalk","Trump Taj Mahal, Atlantic City, New Jersey, United States","/events/UFC-34-High-Voltage-540"
"603","Dec162000","UFC 29 - Defense of the Belts","Differ Ariake, Tokyo, Japan","/events/UFC-33-Victory-in-Vegas-430"
"615","Nov172000","UFC 28 - High Stakes","Trump Taj Mahal, Atlantic City, New Jersey, United States","/events/UFC-32-Showdown-in-the-Meadowlands-429"
"623","Sep222000","UFC 27 - Ultimate Bad Boyz","Lakefront Arena, New Orleans, Louisiana, United States","/events/UFC-31-Locked-Loaded-282"
"633","Jun092000","UFC 26 - Ultimate Field of Dreams","U.S. Cellular Center, Cedar Rapids, Iowa, United States","/events/UFC-30-Battle-on-the-Boardwalk-40"
"643","Apr142000","UFC 25 - Ultimate Japan 3","Yoyogi National Gymnasium, Tokyo, Japan","/events/UFC-29-Defense-of-the-Belts-39"
"653","Mar102000","UFC 24 - First Defense","Lake Charles Civic Center, Lake Charles, Louisiana, United States","/events/UFC-28-High-Stakes-38"
"663","Nov191999","UFC 23 - Ultimate Japan 2","Tokyo Bay N.K. Hall, Urayasu, Chiba, Japan","/events/UFC-27-Ultimate-Bad-Boyz-37"
"673","Sep241999","UFC 22 - There Can Be Only One Champion","Lake Charles Civic Center, Lake Charles, Louisiana, United States","/events/UFC-26-Ultimate-Field-of-Dreams-36"
"683","Jul161999","UFC 21 - Return of the Champions","U.S. Cellular Center, Cedar Rapids, Iowa, United States","/events/UFC-25-Ultimate-Japan-3-35"
"693","May071999","UFC 20 - Battle for the Gold","Boutwell Municipal Auditorium, Birmingham, Alabama, United States","/events/UFC-24-First-Defense-34"
"703","Mar051999","UFC 19 - Ultimate Young Guns","Hollywood Casino, Bay St. Louis, Mississippi, United States","/events/UFC-23-Ultimate-Japan-2-33"
"715","Jan081999","UFC 18 - Road to the Heavyweight Title","Pontchartrain Center, Kenner, Louisiana, United States","/events/UFC-22-There-Can-Be-Only-One-Champion-32"
"723","Oct161998","UFC 17.5 - Ultimate Brazil","Portuguesa Gymnasium, Sao Paulo, Brazil","/events/UFC-21-Return-of-the-Champions-31"
"733","May151998","UFC 17 - Redemption","Mobile Civic Center, Mobile, Alabama, United States","/events/UFC-20-Battle-for-the-Gold-30"
"743","Mar131998","UFC 16 - Battle in the Bayou","Pontchartrain Center, Kenner, Louisiana, United States","/events/UFC-19-Ultimate-Young-Guns-29"
"753","Dec211997","UFC 15.5 - Ultimate Japan 1","Yokohama Arena, Yokohama, Japan","/events/UFC-18-Road-to-the-Heavyweight-Title-28"
"763","Oct171997","UFC 15 - Collision Course","Hollywood Casino, Bay St. Louis, Mississippi, United States","/events/UFC-175-Ultimate-Brazil-27"
"773","Jul271997","UFC 14 - Showdown","Boutwell Municipal Auditorium, Birmingham, Alabama, United States","/events/UFC-17-Redemption-26"
"783","May301997","UFC 13 - The Ultimate Force","Augusta Civic Center, Augusta, Georgia, United States","/events/UFC-16-Battle-in-the-Bayou-25"
"793","Feb071997","UFC 12 - Judgement Day","Dothan Civic Center Arena, Dothan, Alabama, United States","/events/UFC-155-Ultimate-Japan-1-24"
"803","Dec071996","UFC - Ultimate Ultimate 1996","Alabama State Fair Arena, Birmingham, Alabama, United States","/events/UFC-15-Collision-Course-23"
"815","Sep201996","UFC 11 - The Proving Ground","Augusta Civic Center, Augusta, Georgia, United States","/events/UFC-14-Showdown-22"
"823","Jul121996","UFC 10 - The Tournament","Alabama State Fair Arena, Birmingham, Alabama, United States","/events/UFC-13-The-Ultimate-Force-21"
"833","May171996","UFC 9 - Motor City Madness","Cobo Arena, Detroit, Michigan, United States","/events/UFC-12-Judgement-Day-20"
"843","Feb161996","UFC 8 - David vs. Goliath","Ruben Rodriguez Coliseum, San Juan, Puerto Rico","/events/UFC-Ultimate-Ultimate-1996-19"
"853","Dec161995","UFC - Ultimate Ultimate 1995","Mammoth Gardens, Denver, Colorado, United States","/events/UFC-11-The-Proving-Ground-18"
"863","Sep081995","UFC 7 - The Brawl in Buffalo","Buffalo Memorial Auditorium, Buffalo, New York, United States","/events/UFC-10-The-Tournament-17"
"873","Jul141995","UFC 6 - Clash of the Titans","Casper Events Center, Casper, Wyoming, United States","/events/UFC-9-Motor-City-Madness-16"
"883","Apr071995","UFC 5 - The Return of the Beast","Bojangles\' Coliseum, Charlotte, North Carolina, United States","/events/UFC-8-David-vs-Goliath-15"
"893","Dec161994","UFC 4 - Revenge of the Warriors","Expo Square Pavilion, Tulsa, Oklahoma, United States","/events/UFC-Ultimate-Ultimate-1995-14"
"903","Sep091994","UFC 3 - The American Dream","Grady Cole Center, Charlotte, North Carolina, United States","/events/UFC-7-The-Brawl-in-Buffalo-13"
"915","Mar111994","UFC 2 - No Way Out","Fillmore Auditorium, Denver, Colorado, United States","/events/UFC-6-Clash-of-the-Titans-12"
